problem_size,time_ms,gflops,memory_gb,scaling_factor
256,0.118208,283.85923118570656,0.000732421875,1.0
512,0.206368,1300.761048224531,0.0029296875,1.7458040064970222
1024,1.212896,1770.542278975279,0.01171875,10.260693015701138
2048,9.66432,1777.6593887619615,0.046875,81.75690308608554
4096,79.586365,1726.9158287603661,0.1875,673.2739323903628
8192,631.963684,1739.8335626133858,0.75,5346.200629399025
16384,5033.007324,1747.6813475441706,3.0,42577.55248375745
