benchmark,problem_size,gpu_count,time_ms,metric1,metric2
monte_carlo_pi_cpu,300000000,8,222.747514,3.14169851,235627388
monte_carlo_pi_cpu,600000000,8,373.770220,3.14161704,471242556
monte_carlo_pi_cpu,1200000000,8,694.664106,3.14161346,942484037
monte_carlo_pi_cpu,2400000000,8,1325.956248,3.14160816,1884964898
monte_carlo_pi_cpu,4800000000,8,2676.516689,3.14159754,3769917048
monte_carlo_pi_cpu,9600000000,8,5101.796600,3.14158592,7539806215
monte_carlo_pi_cpu,19200000000,8,10223.341536,3.14159419,15079652128
monte_carlo_pi_cpu,38400000000,8,20359.379937,3.14159426,30159304898
monte_carlo_pi_cpu,76800000000,8,40750.413479,3.14159288,60318583293
