benchmark,problem_size,gpu_count,time_ms,metric1,metric2
monte_carlo_pi_omp_gpu,200000000,1,166.517413,3.14165031,157043509
monte_carlo_pi_omp_gpu,400000000,1,177.396940,3.14162770,314136230
monte_carlo_pi_omp_gpu,800000000,1,220.712554,3.14162222,628322835
monte_carlo_pi_omp_gpu,1600000000,1,294.160824,3.14160972,1256640672
monte_carlo_pi_omp_gpu,3200000000,1,431.381271,3.14161345,2513284328
monte_carlo_pi_omp_gpu,6400000000,1,729.879057,3.14161213,5026566536
monte_carlo_pi_omp_gpu,12800000000,1,1328.301432,3.14159443,10053076427
