benchmark,problem_size,gpu_count,time_ms,metric1,metric2
monte_carlo_pi_omp_gpu,200000000,1,233.915006,3.14165168,157082584
monte_carlo_pi_omp_gpu,400000000,1,182.878150,3.14162857,314162857
monte_carlo_pi_omp_gpu,800000000,1,221.771668,3.14162228,628324456
monte_carlo_pi_omp_gpu,1600000000,1,295.669927,3.14160956,1256643822
monte_carlo_pi_omp_gpu,3200000000,1,420.762898,3.14161333,2513290667
monte_carlo_pi_omp_gpu,6400000000,1,701.786955,3.14161210,5026579352
monte_carlo_pi_omp_gpu,12800000000,1,1265.463627,3.14159441,10053102121
monte_carlo_pi_omp_gpu,25600000000,1,2400.505548,3.14158441,20106140220
monte_carlo_pi_omp_gpu,51200000000,1,4656.483153,3.14159225,40212380776
