benchmark,problem_size,gpu_count,time_ms,metric1,metric2
monte_carlo_pi_omp_gpu,300000000,1,180.765740,3.14166456,235624842
monte_carlo_pi_omp_gpu,600000000,1,200.927121,3.14161661,471242492
monte_carlo_pi_omp_gpu,1200000000,1,258.755481,3.14163845,942491534
monte_carlo_pi_omp_gpu,2400000000,1,352.475120,3.14161802,1884970811
monte_carlo_pi_omp_gpu,4800000000,1,554.240959,3.14161290,3769935481
monte_carlo_pi_omp_gpu,9600000000,1,976.235740,3.14159310,7539823440
monte_carlo_pi_omp_gpu,19200000000,1,1831.918565,3.14158494,15079607697
monte_carlo_pi_omp_gpu,38400000000,1,3522.757778,3.14158461,30159212240
