benchmark,problem_size,gpu_count,time_ms,metric1,metric2
monte_carlo_pi_omp_gpu,200000000,1,4386.785130,3.14155536,157077768
monte_carlo_pi_omp_gpu,400000000,1,8480.828276,3.14158422,314158422
monte_carlo_pi_omp_gpu,800000000,1,16848.642155,3.14159704,628319407
monte_carlo_pi_omp_gpu,1600000000,1,33371.355346,3.14159354,1256637417
monte_carlo_pi_omp_gpu,3200000000,1,66768.427705,3.14159245,2513273959
monte_carlo_pi_omp_gpu,6400000000,1,711.291170,3.14161210,5026579352
monte_carlo_pi_omp_gpu,12800000000,1,1266.329246,3.14159441,10053102121
monte_carlo_pi_omp_gpu,25600000000,1,2392.056277,3.14158441,20106140220
monte_carlo_pi_omp_gpu,51200000000,1,4652.110998,3.14159225,40212380776
