benchmark,problem_size,gpu_count,time_ms,metric1,metric2
matrix_multiply_omp_gpu,256,1,151.790925,201324537.000000,
matrix_multiply_omp_gpu,512,1,153.669271,1610604025.000000,
matrix_multiply_omp_gpu,1024,1,248.857006,12884877311.000000,
matrix_multiply_omp_gpu,2048,1,1319.809070,103079206915.000000,
matrix_multiply_omp_gpu,4096,1,9644.724825,824633651206.000000,
matrix_multiply_omp_gpu,8192,1,75050.483456,6597069504524.000000,
