benchmark,problem_size,gpu_count,time_ms,metric1,metric2
monte_carlo_pi_omp_gpu,200000000,1,163.416975,3.14165031,157043509
monte_carlo_pi_omp_gpu,400000000,1,176.794006,3.14162770,314136230
monte_carlo_pi_omp_gpu,800000000,1,217.760109,3.14162222,628322835
monte_carlo_pi_omp_gpu,1600000000,1,288.311168,3.14160972,1256640672
monte_carlo_pi_omp_gpu,3200000000,1,430.383948,3.14161345,2513284328
monte_carlo_pi_omp_gpu,6400000000,1,730.281488,3.14161213,5026566536
monte_carlo_pi_omp_gpu,12800000000,1,1325.324701,3.14159443,10053076427
monte_carlo_pi_omp_gpu,25600000000,1,2538.474713,3.14158441,20106140220
monte_carlo_pi_omp_gpu,51200000000,1,4941.809813,3.14159225,40212380776
